id,house,house_theme,sign,sign_element,sign_mode,sign_trait,interpretation,strength,challenge,advice,description
HOUSE_1_양,1,자아와 정체성,양자리,불,활동,"선구적, 용감함, 충동적","1하우스(자아와 정체성)에 양자리가 있으면, 선구적, 용감함, 충동적한 방식으로 이 영역을 경험합니다.",양자리의 불 에너지가 자아와 정체성 영역에서 발휘됩니다.,활동궁의 특성이 때로 자아와 정체성 영역에서 도전이 될 수 있습니다.,자아와 정체성 영역에서 양자리의 장점을 살리면서 균형을 찾으세요.,House HOUSE_1_양: Governs life matters.
HOUSE_1_황소,1,자아와 정체성,황소자리,땅,고정,"안정적, 감각적, 고집","1하우스(자아와 정체성)에 황소자리가 있으면, 안정적, 감각적, 고집한 방식으로 이 영역을 경험합니다.",황소자리의 땅 에너지가 자아와 정체성 영역에서 발휘됩니다.,고정궁의 특성이 때로 자아와 정체성 영역에서 도전이 될 수 있습니다.,자아와 정체성 영역에서 황소자리의 장점을 살리면서 균형을 찾으세요.,House HOUSE_1_황소: Governs life matters.
HOUSE_1_쌍둥이,1,자아와 정체성,쌍둥이자리,공기,변통,"다재다능, 호기심, 변덕","1하우스(자아와 정체성)에 쌍둥이자리가 있으면, 다재다능, 호기심, 변덕한 방식으로 이 영역을 경험합니다.",쌍둥이자리의 공기 에너지가 자아와 정체성 영역에서 발휘됩니다.,변통궁의 특성이 때로 자아와 정체성 영역에서 도전이 될 수 있습니다.,자아와 정체성 영역에서 쌍둥이자리의 장점을 살리면서 균형을 찾으세요.,House HOUSE_1_쌍둥이: Governs life matters.
HOUSE_1_게,1,자아와 정체성,게자리,물,활동,"보호적, 감정적, 직관적","1하우스(자아와 정체성)에 게자리가 있으면, 보호적, 감정적, 직관적한 방식으로 이 영역을 경험합니다.",게자리의 물 에너지가 자아와 정체성 영역에서 발휘됩니다.,활동궁의 특성이 때로 자아와 정체성 영역에서 도전이 될 수 있습니다.,자아와 정체성 영역에서 게자리의 장점을 살리면서 균형을 찾으세요.,House HOUSE_1_게: Governs life matters.
HOUSE_1_사자,1,자아와 정체성,사자자리,불,고정,"창의적, 자신감, 드라마틱","1하우스(자아와 정체성)에 사자자리가 있으면, 창의적, 자신감, 드라마틱한 방식으로 이 영역을 경험합니다.",사자자리의 불 에너지가 자아와 정체성 영역에서 발휘됩니다.,고정궁의 특성이 때로 자아와 정체성 영역에서 도전이 될 수 있습니다.,자아와 정체성 영역에서 사자자리의 장점을 살리면서 균형을 찾으세요.,House HOUSE_1_사자: Governs life matters.
HOUSE_1_처녀,1,자아와 정체성,처녀자리,땅,변통,"분석적, 실용적, 완벽주의","1하우스(자아와 정체성)에 처녀자리가 있으면, 분석적, 실용적, 완벽주의한 방식으로 이 영역을 경험합니다.",처녀자리의 땅 에너지가 자아와 정체성 영역에서 발휘됩니다.,변통궁의 특성이 때로 자아와 정체성 영역에서 도전이 될 수 있습니다.,자아와 정체성 영역에서 처녀자리의 장점을 살리면서 균형을 찾으세요.,House HOUSE_1_처녀: Governs life matters.
HOUSE_1_천칭,1,자아와 정체성,천칭자리,공기,활동,"외교적, 조화, 우유부단","1하우스(자아와 정체성)에 천칭자리가 있으면, 외교적, 조화, 우유부단한 방식으로 이 영역을 경험합니다.",천칭자리의 공기 에너지가 자아와 정체성 영역에서 발휘됩니다.,활동궁의 특성이 때로 자아와 정체성 영역에서 도전이 될 수 있습니다.,자아와 정체성 영역에서 천칭자리의 장점을 살리면서 균형을 찾으세요.,House HOUSE_1_천칭: Governs life matters.
HOUSE_1_전갈,1,자아와 정체성,전갈자리,물,고정,"강렬함, 통찰력, 집착","1하우스(자아와 정체성)에 전갈자리가 있으면, 강렬함, 통찰력, 집착한 방식으로 이 영역을 경험합니다.",전갈자리의 물 에너지가 자아와 정체성 영역에서 발휘됩니다.,고정궁의 특성이 때로 자아와 정체성 영역에서 도전이 될 수 있습니다.,자아와 정체성 영역에서 전갈자리의 장점을 살리면서 균형을 찾으세요.,House HOUSE_1_전갈: Governs life matters.
HOUSE_1_사수,1,자아와 정체성,사수자리,불,변통,"낙천적, 자유로움, 철학적","1하우스(자아와 정체성)에 사수자리가 있으면, 낙천적, 자유로움, 철학적한 방식으로 이 영역을 경험합니다.",사수자리의 불 에너지가 자아와 정체성 영역에서 발휘됩니다.,변통궁의 특성이 때로 자아와 정체성 영역에서 도전이 될 수 있습니다.,자아와 정체성 영역에서 사수자리의 장점을 살리면서 균형을 찾으세요.,House HOUSE_1_사수: Governs life matters.
HOUSE_1_염소,1,자아와 정체성,염소자리,땅,활동,"야심적, 책임감, 보수적","1하우스(자아와 정체성)에 염소자리가 있으면, 야심적, 책임감, 보수적한 방식으로 이 영역을 경험합니다.",염소자리의 땅 에너지가 자아와 정체성 영역에서 발휘됩니다.,활동궁의 특성이 때로 자아와 정체성 영역에서 도전이 될 수 있습니다.,자아와 정체성 영역에서 염소자리의 장점을 살리면서 균형을 찾으세요.,House HOUSE_1_염소: Governs life matters.
HOUSE_1_물병,1,자아와 정체성,물병자리,공기,고정,"혁신적, 독립적, 인도주의","1하우스(자아와 정체성)에 물병자리가 있으면, 혁신적, 독립적, 인도주의한 방식으로 이 영역을 경험합니다.",물병자리의 공기 에너지가 자아와 정체성 영역에서 발휘됩니다.,고정궁의 특성이 때로 자아와 정체성 영역에서 도전이 될 수 있습니다.,자아와 정체성 영역에서 물병자리의 장점을 살리면서 균형을 찾으세요.,House HOUSE_1_물병: Governs life matters.
HOUSE_1_물고기,1,자아와 정체성,물고기자리,물,변통,"상상력, 공감, 몽상적","1하우스(자아와 정체성)에 물고기자리가 있으면, 상상력, 공감, 몽상적한 방식으로 이 영역을 경험합니다.",물고기자리의 물 에너지가 자아와 정체성 영역에서 발휘됩니다.,변통궁의 특성이 때로 자아와 정체성 영역에서 도전이 될 수 있습니다.,자아와 정체성 영역에서 물고기자리의 장점을 살리면서 균형을 찾으세요.,House HOUSE_1_물고기: Governs life matters.
HOUSE_2_양,2,재정과 가치관,양자리,불,활동,"선구적, 용감함, 충동적","2하우스(재정과 가치관)에 양자리가 있으면, 선구적, 용감함, 충동적한 방식으로 이 영역을 경험합니다.",양자리의 불 에너지가 재정과 가치관 영역에서 발휘됩니다.,활동궁의 특성이 때로 재정과 가치관 영역에서 도전이 될 수 있습니다.,재정과 가치관 영역에서 양자리의 장점을 살리면서 균형을 찾으세요.,House HOUSE_2_양: Governs life matters.
HOUSE_2_황소,2,재정과 가치관,황소자리,땅,고정,"안정적, 감각적, 고집","2하우스(재정과 가치관)에 황소자리가 있으면, 안정적, 감각적, 고집한 방식으로 이 영역을 경험합니다.",황소자리의 땅 에너지가 재정과 가치관 영역에서 발휘됩니다.,고정궁의 특성이 때로 재정과 가치관 영역에서 도전이 될 수 있습니다.,재정과 가치관 영역에서 황소자리의 장점을 살리면서 균형을 찾으세요.,House HOUSE_2_황소: Governs life matters.
HOUSE_2_쌍둥이,2,재정과 가치관,쌍둥이자리,공기,변통,"다재다능, 호기심, 변덕","2하우스(재정과 가치관)에 쌍둥이자리가 있으면, 다재다능, 호기심, 변덕한 방식으로 이 영역을 경험합니다.",쌍둥이자리의 공기 에너지가 재정과 가치관 영역에서 발휘됩니다.,변통궁의 특성이 때로 재정과 가치관 영역에서 도전이 될 수 있습니다.,재정과 가치관 영역에서 쌍둥이자리의 장점을 살리면서 균형을 찾으세요.,House HOUSE_2_쌍둥이: Governs life matters.
HOUSE_2_게,2,재정과 가치관,게자리,물,활동,"보호적, 감정적, 직관적","2하우스(재정과 가치관)에 게자리가 있으면, 보호적, 감정적, 직관적한 방식으로 이 영역을 경험합니다.",게자리의 물 에너지가 재정과 가치관 영역에서 발휘됩니다.,활동궁의 특성이 때로 재정과 가치관 영역에서 도전이 될 수 있습니다.,재정과 가치관 영역에서 게자리의 장점을 살리면서 균형을 찾으세요.,House HOUSE_2_게: Governs life matters.
HOUSE_2_사자,2,재정과 가치관,사자자리,불,고정,"창의적, 자신감, 드라마틱","2하우스(재정과 가치관)에 사자자리가 있으면, 창의적, 자신감, 드라마틱한 방식으로 이 영역을 경험합니다.",사자자리의 불 에너지가 재정과 가치관 영역에서 발휘됩니다.,고정궁의 특성이 때로 재정과 가치관 영역에서 도전이 될 수 있습니다.,재정과 가치관 영역에서 사자자리의 장점을 살리면서 균형을 찾으세요.,House HOUSE_2_사자: Governs life matters.
HOUSE_2_처녀,2,재정과 가치관,처녀자리,땅,변통,"분석적, 실용적, 완벽주의","2하우스(재정과 가치관)에 처녀자리가 있으면, 분석적, 실용적, 완벽주의한 방식으로 이 영역을 경험합니다.",처녀자리의 땅 에너지가 재정과 가치관 영역에서 발휘됩니다.,변통궁의 특성이 때로 재정과 가치관 영역에서 도전이 될 수 있습니다.,재정과 가치관 영역에서 처녀자리의 장점을 살리면서 균형을 찾으세요.,House HOUSE_2_처녀: Governs life matters.
HOUSE_2_천칭,2,재정과 가치관,천칭자리,공기,활동,"외교적, 조화, 우유부단","2하우스(재정과 가치관)에 천칭자리가 있으면, 외교적, 조화, 우유부단한 방식으로 이 영역을 경험합니다.",천칭자리의 공기 에너지가 재정과 가치관 영역에서 발휘됩니다.,활동궁의 특성이 때로 재정과 가치관 영역에서 도전이 될 수 있습니다.,재정과 가치관 영역에서 천칭자리의 장점을 살리면서 균형을 찾으세요.,House HOUSE_2_천칭: Governs life matters.
HOUSE_2_전갈,2,재정과 가치관,전갈자리,물,고정,"강렬함, 통찰력, 집착","2하우스(재정과 가치관)에 전갈자리가 있으면, 강렬함, 통찰력, 집착한 방식으로 이 영역을 경험합니다.",전갈자리의 물 에너지가 재정과 가치관 영역에서 발휘됩니다.,고정궁의 특성이 때로 재정과 가치관 영역에서 도전이 될 수 있습니다.,재정과 가치관 영역에서 전갈자리의 장점을 살리면서 균형을 찾으세요.,House HOUSE_2_전갈: Governs life matters.
HOUSE_2_사수,2,재정과 가치관,사수자리,불,변통,"낙천적, 자유로움, 철학적","2하우스(재정과 가치관)에 사수자리가 있으면, 낙천적, 자유로움, 철학적한 방식으로 이 영역을 경험합니다.",사수자리의 불 에너지가 재정과 가치관 영역에서 발휘됩니다.,변통궁의 특성이 때로 재정과 가치관 영역에서 도전이 될 수 있습니다.,재정과 가치관 영역에서 사수자리의 장점을 살리면서 균형을 찾으세요.,House HOUSE_2_사수: Governs life matters.
HOUSE_2_염소,2,재정과 가치관,염소자리,땅,활동,"야심적, 책임감, 보수적","2하우스(재정과 가치관)에 염소자리가 있으면, 야심적, 책임감, 보수적한 방식으로 이 영역을 경험합니다.",염소자리의 땅 에너지가 재정과 가치관 영역에서 발휘됩니다.,활동궁의 특성이 때로 재정과 가치관 영역에서 도전이 될 수 있습니다.,재정과 가치관 영역에서 염소자리의 장점을 살리면서 균형을 찾으세요.,House HOUSE_2_염소: Governs life matters.
HOUSE_2_물병,2,재정과 가치관,물병자리,공기,고정,"혁신적, 독립적, 인도주의","2하우스(재정과 가치관)에 물병자리가 있으면, 혁신적, 독립적, 인도주의한 방식으로 이 영역을 경험합니다.",물병자리의 공기 에너지가 재정과 가치관 영역에서 발휘됩니다.,고정궁의 특성이 때로 재정과 가치관 영역에서 도전이 될 수 있습니다.,재정과 가치관 영역에서 물병자리의 장점을 살리면서 균형을 찾으세요.,House HOUSE_2_물병: Governs life matters.
HOUSE_2_물고기,2,재정과 가치관,물고기자리,물,변통,"상상력, 공감, 몽상적","2하우스(재정과 가치관)에 물고기자리가 있으면, 상상력, 공감, 몽상적한 방식으로 이 영역을 경험합니다.",물고기자리의 물 에너지가 재정과 가치관 영역에서 발휘됩니다.,변통궁의 특성이 때로 재정과 가치관 영역에서 도전이 될 수 있습니다.,재정과 가치관 영역에서 물고기자리의 장점을 살리면서 균형을 찾으세요.,House HOUSE_2_물고기: Governs life matters.
HOUSE_3_양,3,소통과 학습,양자리,불,활동,"선구적, 용감함, 충동적","3하우스(소통과 학습)에 양자리가 있으면, 선구적, 용감함, 충동적한 방식으로 이 영역을 경험합니다.",양자리의 불 에너지가 소통과 학습 영역에서 발휘됩니다.,활동궁의 특성이 때로 소통과 학습 영역에서 도전이 될 수 있습니다.,소통과 학습 영역에서 양자리의 장점을 살리면서 균형을 찾으세요.,House HOUSE_3_양: Governs life matters.
HOUSE_3_황소,3,소통과 학습,황소자리,땅,고정,"안정적, 감각적, 고집","3하우스(소통과 학습)에 황소자리가 있으면, 안정적, 감각적, 고집한 방식으로 이 영역을 경험합니다.",황소자리의 땅 에너지가 소통과 학습 영역에서 발휘됩니다.,고정궁의 특성이 때로 소통과 학습 영역에서 도전이 될 수 있습니다.,소통과 학습 영역에서 황소자리의 장점을 살리면서 균형을 찾으세요.,House HOUSE_3_황소: Governs life matters.
HOUSE_3_쌍둥이,3,소통과 학습,쌍둥이자리,공기,변통,"다재다능, 호기심, 변덕","3하우스(소통과 학습)에 쌍둥이자리가 있으면, 다재다능, 호기심, 변덕한 방식으로 이 영역을 경험합니다.",쌍둥이자리의 공기 에너지가 소통과 학습 영역에서 발휘됩니다.,변통궁의 특성이 때로 소통과 학습 영역에서 도전이 될 수 있습니다.,소통과 학습 영역에서 쌍둥이자리의 장점을 살리면서 균형을 찾으세요.,House HOUSE_3_쌍둥이: Governs life matters.
HOUSE_3_게,3,소통과 학습,게자리,물,활동,"보호적, 감정적, 직관적","3하우스(소통과 학습)에 게자리가 있으면, 보호적, 감정적, 직관적한 방식으로 이 영역을 경험합니다.",게자리의 물 에너지가 소통과 학습 영역에서 발휘됩니다.,활동궁의 특성이 때로 소통과 학습 영역에서 도전이 될 수 있습니다.,소통과 학습 영역에서 게자리의 장점을 살리면서 균형을 찾으세요.,House HOUSE_3_게: Governs life matters.
HOUSE_3_사자,3,소통과 학습,사자자리,불,고정,"창의적, 자신감, 드라마틱","3하우스(소통과 학습)에 사자자리가 있으면, 창의적, 자신감, 드라마틱한 방식으로 이 영역을 경험합니다.",사자자리의 불 에너지가 소통과 학습 영역에서 발휘됩니다.,고정궁의 특성이 때로 소통과 학습 영역에서 도전이 될 수 있습니다.,소통과 학습 영역에서 사자자리의 장점을 살리면서 균형을 찾으세요.,House HOUSE_3_사자: Governs life matters.
HOUSE_3_처녀,3,소통과 학습,처녀자리,땅,변통,"분석적, 실용적, 완벽주의","3하우스(소통과 학습)에 처녀자리가 있으면, 분석적, 실용적, 완벽주의한 방식으로 이 영역을 경험합니다.",처녀자리의 땅 에너지가 소통과 학습 영역에서 발휘됩니다.,변통궁의 특성이 때로 소통과 학습 영역에서 도전이 될 수 있습니다.,소통과 학습 영역에서 처녀자리의 장점을 살리면서 균형을 찾으세요.,House HOUSE_3_처녀: Governs life matters.
HOUSE_3_천칭,3,소통과 학습,천칭자리,공기,활동,"외교적, 조화, 우유부단","3하우스(소통과 학습)에 천칭자리가 있으면, 외교적, 조화, 우유부단한 방식으로 이 영역을 경험합니다.",천칭자리의 공기 에너지가 소통과 학습 영역에서 발휘됩니다.,활동궁의 특성이 때로 소통과 학습 영역에서 도전이 될 수 있습니다.,소통과 학습 영역에서 천칭자리의 장점을 살리면서 균형을 찾으세요.,House HOUSE_3_천칭: Governs life matters.
HOUSE_3_전갈,3,소통과 학습,전갈자리,물,고정,"강렬함, 통찰력, 집착","3하우스(소통과 학습)에 전갈자리가 있으면, 강렬함, 통찰력, 집착한 방식으로 이 영역을 경험합니다.",전갈자리의 물 에너지가 소통과 학습 영역에서 발휘됩니다.,고정궁의 특성이 때로 소통과 학습 영역에서 도전이 될 수 있습니다.,소통과 학습 영역에서 전갈자리의 장점을 살리면서 균형을 찾으세요.,House HOUSE_3_전갈: Governs life matters.
HOUSE_3_사수,3,소통과 학습,사수자리,불,변통,"낙천적, 자유로움, 철학적","3하우스(소통과 학습)에 사수자리가 있으면, 낙천적, 자유로움, 철학적한 방식으로 이 영역을 경험합니다.",사수자리의 불 에너지가 소통과 학습 영역에서 발휘됩니다.,변통궁의 특성이 때로 소통과 학습 영역에서 도전이 될 수 있습니다.,소통과 학습 영역에서 사수자리의 장점을 살리면서 균형을 찾으세요.,House HOUSE_3_사수: Governs life matters.
HOUSE_3_염소,3,소통과 학습,염소자리,땅,활동,"야심적, 책임감, 보수적","3하우스(소통과 학습)에 염소자리가 있으면, 야심적, 책임감, 보수적한 방식으로 이 영역을 경험합니다.",염소자리의 땅 에너지가 소통과 학습 영역에서 발휘됩니다.,활동궁의 특성이 때로 소통과 학습 영역에서 도전이 될 수 있습니다.,소통과 학습 영역에서 염소자리의 장점을 살리면서 균형을 찾으세요.,House HOUSE_3_염소: Governs life matters.
HOUSE_3_물병,3,소통과 학습,물병자리,공기,고정,"혁신적, 독립적, 인도주의","3하우스(소통과 학습)에 물병자리가 있으면, 혁신적, 독립적, 인도주의한 방식으로 이 영역을 경험합니다.",물병자리의 공기 에너지가 소통과 학습 영역에서 발휘됩니다.,고정궁의 특성이 때로 소통과 학습 영역에서 도전이 될 수 있습니다.,소통과 학습 영역에서 물병자리의 장점을 살리면서 균형을 찾으세요.,House HOUSE_3_물병: Governs life matters.
HOUSE_3_물고기,3,소통과 학습,물고기자리,물,변통,"상상력, 공감, 몽상적","3하우스(소통과 학습)에 물고기자리가 있으면, 상상력, 공감, 몽상적한 방식으로 이 영역을 경험합니다.",물고기자리의 물 에너지가 소통과 학습 영역에서 발휘됩니다.,변통궁의 특성이 때로 소통과 학습 영역에서 도전이 될 수 있습니다.,소통과 학습 영역에서 물고기자리의 장점을 살리면서 균형을 찾으세요.,House HOUSE_3_물고기: Governs life matters.
HOUSE_4_양,4,가정과 뿌리,양자리,불,활동,"선구적, 용감함, 충동적","4하우스(가정과 뿌리)에 양자리가 있으면, 선구적, 용감함, 충동적한 방식으로 이 영역을 경험합니다.",양자리의 불 에너지가 가정과 뿌리 영역에서 발휘됩니다.,활동궁의 특성이 때로 가정과 뿌리 영역에서 도전이 될 수 있습니다.,가정과 뿌리 영역에서 양자리의 장점을 살리면서 균형을 찾으세요.,House HOUSE_4_양: Governs life matters.
HOUSE_4_황소,4,가정과 뿌리,황소자리,땅,고정,"안정적, 감각적, 고집","4하우스(가정과 뿌리)에 황소자리가 있으면, 안정적, 감각적, 고집한 방식으로 이 영역을 경험합니다.",황소자리의 땅 에너지가 가정과 뿌리 영역에서 발휘됩니다.,고정궁의 특성이 때로 가정과 뿌리 영역에서 도전이 될 수 있습니다.,가정과 뿌리 영역에서 황소자리의 장점을 살리면서 균형을 찾으세요.,House HOUSE_4_황소: Governs life matters.
HOUSE_4_쌍둥이,4,가정과 뿌리,쌍둥이자리,공기,변통,"다재다능, 호기심, 변덕","4하우스(가정과 뿌리)에 쌍둥이자리가 있으면, 다재다능, 호기심, 변덕한 방식으로 이 영역을 경험합니다.",쌍둥이자리의 공기 에너지가 가정과 뿌리 영역에서 발휘됩니다.,변통궁의 특성이 때로 가정과 뿌리 영역에서 도전이 될 수 있습니다.,가정과 뿌리 영역에서 쌍둥이자리의 장점을 살리면서 균형을 찾으세요.,House HOUSE_4_쌍둥이: Governs life matters.
HOUSE_4_게,4,가정과 뿌리,게자리,물,활동,"보호적, 감정적, 직관적","4하우스(가정과 뿌리)에 게자리가 있으면, 보호적, 감정적, 직관적한 방식으로 이 영역을 경험합니다.",게자리의 물 에너지가 가정과 뿌리 영역에서 발휘됩니다.,활동궁의 특성이 때로 가정과 뿌리 영역에서 도전이 될 수 있습니다.,가정과 뿌리 영역에서 게자리의 장점을 살리면서 균형을 찾으세요.,House HOUSE_4_게: Governs life matters.
HOUSE_4_사자,4,가정과 뿌리,사자자리,불,고정,"창의적, 자신감, 드라마틱","4하우스(가정과 뿌리)에 사자자리가 있으면, 창의적, 자신감, 드라마틱한 방식으로 이 영역을 경험합니다.",사자자리의 불 에너지가 가정과 뿌리 영역에서 발휘됩니다.,고정궁의 특성이 때로 가정과 뿌리 영역에서 도전이 될 수 있습니다.,가정과 뿌리 영역에서 사자자리의 장점을 살리면서 균형을 찾으세요.,House HOUSE_4_사자: Governs life matters.
HOUSE_4_처녀,4,가정과 뿌리,처녀자리,땅,변통,"분석적, 실용적, 완벽주의","4하우스(가정과 뿌리)에 처녀자리가 있으면, 분석적, 실용적, 완벽주의한 방식으로 이 영역을 경험합니다.",처녀자리의 땅 에너지가 가정과 뿌리 영역에서 발휘됩니다.,변통궁의 특성이 때로 가정과 뿌리 영역에서 도전이 될 수 있습니다.,가정과 뿌리 영역에서 처녀자리의 장점을 살리면서 균형을 찾으세요.,House HOUSE_4_처녀: Governs life matters.
HOUSE_4_천칭,4,가정과 뿌리,천칭자리,공기,활동,"외교적, 조화, 우유부단","4하우스(가정과 뿌리)에 천칭자리가 있으면, 외교적, 조화, 우유부단한 방식으로 이 영역을 경험합니다.",천칭자리의 공기 에너지가 가정과 뿌리 영역에서 발휘됩니다.,활동궁의 특성이 때로 가정과 뿌리 영역에서 도전이 될 수 있습니다.,가정과 뿌리 영역에서 천칭자리의 장점을 살리면서 균형을 찾으세요.,House HOUSE_4_천칭: Governs life matters.
HOUSE_4_전갈,4,가정과 뿌리,전갈자리,물,고정,"강렬함, 통찰력, 집착","4하우스(가정과 뿌리)에 전갈자리가 있으면, 강렬함, 통찰력, 집착한 방식으로 이 영역을 경험합니다.",전갈자리의 물 에너지가 가정과 뿌리 영역에서 발휘됩니다.,고정궁의 특성이 때로 가정과 뿌리 영역에서 도전이 될 수 있습니다.,가정과 뿌리 영역에서 전갈자리의 장점을 살리면서 균형을 찾으세요.,House HOUSE_4_전갈: Governs life matters.
HOUSE_4_사수,4,가정과 뿌리,사수자리,불,변통,"낙천적, 자유로움, 철학적","4하우스(가정과 뿌리)에 사수자리가 있으면, 낙천적, 자유로움, 철학적한 방식으로 이 영역을 경험합니다.",사수자리의 불 에너지가 가정과 뿌리 영역에서 발휘됩니다.,변통궁의 특성이 때로 가정과 뿌리 영역에서 도전이 될 수 있습니다.,가정과 뿌리 영역에서 사수자리의 장점을 살리면서 균형을 찾으세요.,House HOUSE_4_사수: Governs life matters.
HOUSE_4_염소,4,가정과 뿌리,염소자리,땅,활동,"야심적, 책임감, 보수적","4하우스(가정과 뿌리)에 염소자리가 있으면, 야심적, 책임감, 보수적한 방식으로 이 영역을 경험합니다.",염소자리의 땅 에너지가 가정과 뿌리 영역에서 발휘됩니다.,활동궁의 특성이 때로 가정과 뿌리 영역에서 도전이 될 수 있습니다.,가정과 뿌리 영역에서 염소자리의 장점을 살리면서 균형을 찾으세요.,House HOUSE_4_염소: Governs life matters.
HOUSE_4_물병,4,가정과 뿌리,물병자리,공기,고정,"혁신적, 독립적, 인도주의","4하우스(가정과 뿌리)에 물병자리가 있으면, 혁신적, 독립적, 인도주의한 방식으로 이 영역을 경험합니다.",물병자리의 공기 에너지가 가정과 뿌리 영역에서 발휘됩니다.,고정궁의 특성이 때로 가정과 뿌리 영역에서 도전이 될 수 있습니다.,가정과 뿌리 영역에서 물병자리의 장점을 살리면서 균형을 찾으세요.,House HOUSE_4_물병: Governs life matters.
HOUSE_4_물고기,4,가정과 뿌리,물고기자리,물,변통,"상상력, 공감, 몽상적","4하우스(가정과 뿌리)에 물고기자리가 있으면, 상상력, 공감, 몽상적한 방식으로 이 영역을 경험합니다.",물고기자리의 물 에너지가 가정과 뿌리 영역에서 발휘됩니다.,변통궁의 특성이 때로 가정과 뿌리 영역에서 도전이 될 수 있습니다.,가정과 뿌리 영역에서 물고기자리의 장점을 살리면서 균형을 찾으세요.,House HOUSE_4_물고기: Governs life matters.
HOUSE_5_양,5,창조와 로맨스,양자리,불,활동,"선구적, 용감함, 충동적","5하우스(창조와 로맨스)에 양자리가 있으면, 선구적, 용감함, 충동적한 방식으로 이 영역을 경험합니다.",양자리의 불 에너지가 창조와 로맨스 영역에서 발휘됩니다.,활동궁의 특성이 때로 창조와 로맨스 영역에서 도전이 될 수 있습니다.,창조와 로맨스 영역에서 양자리의 장점을 살리면서 균형을 찾으세요.,House HOUSE_5_양: Governs life matters.
HOUSE_5_황소,5,창조와 로맨스,황소자리,땅,고정,"안정적, 감각적, 고집","5하우스(창조와 로맨스)에 황소자리가 있으면, 안정적, 감각적, 고집한 방식으로 이 영역을 경험합니다.",황소자리의 땅 에너지가 창조와 로맨스 영역에서 발휘됩니다.,고정궁의 특성이 때로 창조와 로맨스 영역에서 도전이 될 수 있습니다.,창조와 로맨스 영역에서 황소자리의 장점을 살리면서 균형을 찾으세요.,House HOUSE_5_황소: Governs life matters.
HOUSE_5_쌍둥이,5,창조와 로맨스,쌍둥이자리,공기,변통,"다재다능, 호기심, 변덕","5하우스(창조와 로맨스)에 쌍둥이자리가 있으면, 다재다능, 호기심, 변덕한 방식으로 이 영역을 경험합니다.",쌍둥이자리의 공기 에너지가 창조와 로맨스 영역에서 발휘됩니다.,변통궁의 특성이 때로 창조와 로맨스 영역에서 도전이 될 수 있습니다.,창조와 로맨스 영역에서 쌍둥이자리의 장점을 살리면서 균형을 찾으세요.,House HOUSE_5_쌍둥이: Governs life matters.
HOUSE_5_게,5,창조와 로맨스,게자리,물,활동,"보호적, 감정적, 직관적","5하우스(창조와 로맨스)에 게자리가 있으면, 보호적, 감정적, 직관적한 방식으로 이 영역을 경험합니다.",게자리의 물 에너지가 창조와 로맨스 영역에서 발휘됩니다.,활동궁의 특성이 때로 창조와 로맨스 영역에서 도전이 될 수 있습니다.,창조와 로맨스 영역에서 게자리의 장점을 살리면서 균형을 찾으세요.,House HOUSE_5_게: Governs life matters.
HOUSE_5_사자,5,창조와 로맨스,사자자리,불,고정,"창의적, 자신감, 드라마틱","5하우스(창조와 로맨스)에 사자자리가 있으면, 창의적, 자신감, 드라마틱한 방식으로 이 영역을 경험합니다.",사자자리의 불 에너지가 창조와 로맨스 영역에서 발휘됩니다.,고정궁의 특성이 때로 창조와 로맨스 영역에서 도전이 될 수 있습니다.,창조와 로맨스 영역에서 사자자리의 장점을 살리면서 균형을 찾으세요.,House HOUSE_5_사자: Governs life matters.
HOUSE_5_처녀,5,창조와 로맨스,처녀자리,땅,변통,"분석적, 실용적, 완벽주의","5하우스(창조와 로맨스)에 처녀자리가 있으면, 분석적, 실용적, 완벽주의한 방식으로 이 영역을 경험합니다.",처녀자리의 땅 에너지가 창조와 로맨스 영역에서 발휘됩니다.,변통궁의 특성이 때로 창조와 로맨스 영역에서 도전이 될 수 있습니다.,창조와 로맨스 영역에서 처녀자리의 장점을 살리면서 균형을 찾으세요.,House HOUSE_5_처녀: Governs life matters.
HOUSE_5_천칭,5,창조와 로맨스,천칭자리,공기,활동,"외교적, 조화, 우유부단","5하우스(창조와 로맨스)에 천칭자리가 있으면, 외교적, 조화, 우유부단한 방식으로 이 영역을 경험합니다.",천칭자리의 공기 에너지가 창조와 로맨스 영역에서 발휘됩니다.,활동궁의 특성이 때로 창조와 로맨스 영역에서 도전이 될 수 있습니다.,창조와 로맨스 영역에서 천칭자리의 장점을 살리면서 균형을 찾으세요.,House HOUSE_5_천칭: Governs life matters.
HOUSE_5_전갈,5,창조와 로맨스,전갈자리,물,고정,"강렬함, 통찰력, 집착","5하우스(창조와 로맨스)에 전갈자리가 있으면, 강렬함, 통찰력, 집착한 방식으로 이 영역을 경험합니다.",전갈자리의 물 에너지가 창조와 로맨스 영역에서 발휘됩니다.,고정궁의 특성이 때로 창조와 로맨스 영역에서 도전이 될 수 있습니다.,창조와 로맨스 영역에서 전갈자리의 장점을 살리면서 균형을 찾으세요.,House HOUSE_5_전갈: Governs life matters.
HOUSE_5_사수,5,창조와 로맨스,사수자리,불,변통,"낙천적, 자유로움, 철학적","5하우스(창조와 로맨스)에 사수자리가 있으면, 낙천적, 자유로움, 철학적한 방식으로 이 영역을 경험합니다.",사수자리의 불 에너지가 창조와 로맨스 영역에서 발휘됩니다.,변통궁의 특성이 때로 창조와 로맨스 영역에서 도전이 될 수 있습니다.,창조와 로맨스 영역에서 사수자리의 장점을 살리면서 균형을 찾으세요.,House HOUSE_5_사수: Governs life matters.
HOUSE_5_염소,5,창조와 로맨스,염소자리,땅,활동,"야심적, 책임감, 보수적","5하우스(창조와 로맨스)에 염소자리가 있으면, 야심적, 책임감, 보수적한 방식으로 이 영역을 경험합니다.",염소자리의 땅 에너지가 창조와 로맨스 영역에서 발휘됩니다.,활동궁의 특성이 때로 창조와 로맨스 영역에서 도전이 될 수 있습니다.,창조와 로맨스 영역에서 염소자리의 장점을 살리면서 균형을 찾으세요.,House HOUSE_5_염소: Governs life matters.
HOUSE_5_물병,5,창조와 로맨스,물병자리,공기,고정,"혁신적, 독립적, 인도주의","5하우스(창조와 로맨스)에 물병자리가 있으면, 혁신적, 독립적, 인도주의한 방식으로 이 영역을 경험합니다.",물병자리의 공기 에너지가 창조와 로맨스 영역에서 발휘됩니다.,고정궁의 특성이 때로 창조와 로맨스 영역에서 도전이 될 수 있습니다.,창조와 로맨스 영역에서 물병자리의 장점을 살리면서 균형을 찾으세요.,House HOUSE_5_물병: Governs life matters.
HOUSE_5_물고기,5,창조와 로맨스,물고기자리,물,변통,"상상력, 공감, 몽상적","5하우스(창조와 로맨스)에 물고기자리가 있으면, 상상력, 공감, 몽상적한 방식으로 이 영역을 경험합니다.",물고기자리의 물 에너지가 창조와 로맨스 영역에서 발휘됩니다.,변통궁의 특성이 때로 창조와 로맨스 영역에서 도전이 될 수 있습니다.,창조와 로맨스 영역에서 물고기자리의 장점을 살리면서 균형을 찾으세요.,House HOUSE_5_물고기: Governs life matters.
HOUSE_6_양,6,건강과 일상,양자리,불,활동,"선구적, 용감함, 충동적","6하우스(건강과 일상)에 양자리가 있으면, 선구적, 용감함, 충동적한 방식으로 이 영역을 경험합니다.",양자리의 불 에너지가 건강과 일상 영역에서 발휘됩니다.,활동궁의 특성이 때로 건강과 일상 영역에서 도전이 될 수 있습니다.,건강과 일상 영역에서 양자리의 장점을 살리면서 균형을 찾으세요.,House HOUSE_6_양: Governs life matters.
HOUSE_6_황소,6,건강과 일상,황소자리,땅,고정,"안정적, 감각적, 고집","6하우스(건강과 일상)에 황소자리가 있으면, 안정적, 감각적, 고집한 방식으로 이 영역을 경험합니다.",황소자리의 땅 에너지가 건강과 일상 영역에서 발휘됩니다.,고정궁의 특성이 때로 건강과 일상 영역에서 도전이 될 수 있습니다.,건강과 일상 영역에서 황소자리의 장점을 살리면서 균형을 찾으세요.,House HOUSE_6_황소: Governs life matters.
HOUSE_6_쌍둥이,6,건강과 일상,쌍둥이자리,공기,변통,"다재다능, 호기심, 변덕","6하우스(건강과 일상)에 쌍둥이자리가 있으면, 다재다능, 호기심, 변덕한 방식으로 이 영역을 경험합니다.",쌍둥이자리의 공기 에너지가 건강과 일상 영역에서 발휘됩니다.,변통궁의 특성이 때로 건강과 일상 영역에서 도전이 될 수 있습니다.,건강과 일상 영역에서 쌍둥이자리의 장점을 살리면서 균형을 찾으세요.,House HOUSE_6_쌍둥이: Governs life matters.
HOUSE_6_게,6,건강과 일상,게자리,물,활동,"보호적, 감정적, 직관적","6하우스(건강과 일상)에 게자리가 있으면, 보호적, 감정적, 직관적한 방식으로 이 영역을 경험합니다.",게자리의 물 에너지가 건강과 일상 영역에서 발휘됩니다.,활동궁의 특성이 때로 건강과 일상 영역에서 도전이 될 수 있습니다.,건강과 일상 영역에서 게자리의 장점을 살리면서 균형을 찾으세요.,House HOUSE_6_게: Governs life matters.
HOUSE_6_사자,6,건강과 일상,사자자리,불,고정,"창의적, 자신감, 드라마틱","6하우스(건강과 일상)에 사자자리가 있으면, 창의적, 자신감, 드라마틱한 방식으로 이 영역을 경험합니다.",사자자리의 불 에너지가 건강과 일상 영역에서 발휘됩니다.,고정궁의 특성이 때로 건강과 일상 영역에서 도전이 될 수 있습니다.,건강과 일상 영역에서 사자자리의 장점을 살리면서 균형을 찾으세요.,House HOUSE_6_사자: Governs life matters.
HOUSE_6_처녀,6,건강과 일상,처녀자리,땅,변통,"분석적, 실용적, 완벽주의","6하우스(건강과 일상)에 처녀자리가 있으면, 분석적, 실용적, 완벽주의한 방식으로 이 영역을 경험합니다.",처녀자리의 땅 에너지가 건강과 일상 영역에서 발휘됩니다.,변통궁의 특성이 때로 건강과 일상 영역에서 도전이 될 수 있습니다.,건강과 일상 영역에서 처녀자리의 장점을 살리면서 균형을 찾으세요.,House HOUSE_6_처녀: Governs life matters.
HOUSE_6_천칭,6,건강과 일상,천칭자리,공기,활동,"외교적, 조화, 우유부단","6하우스(건강과 일상)에 천칭자리가 있으면, 외교적, 조화, 우유부단한 방식으로 이 영역을 경험합니다.",천칭자리의 공기 에너지가 건강과 일상 영역에서 발휘됩니다.,활동궁의 특성이 때로 건강과 일상 영역에서 도전이 될 수 있습니다.,건강과 일상 영역에서 천칭자리의 장점을 살리면서 균형을 찾으세요.,House HOUSE_6_천칭: Governs life matters.
HOUSE_6_전갈,6,건강과 일상,전갈자리,물,고정,"강렬함, 통찰력, 집착","6하우스(건강과 일상)에 전갈자리가 있으면, 강렬함, 통찰력, 집착한 방식으로 이 영역을 경험합니다.",전갈자리의 물 에너지가 건강과 일상 영역에서 발휘됩니다.,고정궁의 특성이 때로 건강과 일상 영역에서 도전이 될 수 있습니다.,건강과 일상 영역에서 전갈자리의 장점을 살리면서 균형을 찾으세요.,House HOUSE_6_전갈: Governs life matters.
HOUSE_6_사수,6,건강과 일상,사수자리,불,변통,"낙천적, 자유로움, 철학적","6하우스(건강과 일상)에 사수자리가 있으면, 낙천적, 자유로움, 철학적한 방식으로 이 영역을 경험합니다.",사수자리의 불 에너지가 건강과 일상 영역에서 발휘됩니다.,변통궁의 특성이 때로 건강과 일상 영역에서 도전이 될 수 있습니다.,건강과 일상 영역에서 사수자리의 장점을 살리면서 균형을 찾으세요.,House HOUSE_6_사수: Governs life matters.
HOUSE_6_염소,6,건강과 일상,염소자리,땅,활동,"야심적, 책임감, 보수적","6하우스(건강과 일상)에 염소자리가 있으면, 야심적, 책임감, 보수적한 방식으로 이 영역을 경험합니다.",염소자리의 땅 에너지가 건강과 일상 영역에서 발휘됩니다.,활동궁의 특성이 때로 건강과 일상 영역에서 도전이 될 수 있습니다.,건강과 일상 영역에서 염소자리의 장점을 살리면서 균형을 찾으세요.,House HOUSE_6_염소: Governs life matters.
HOUSE_6_물병,6,건강과 일상,물병자리,공기,고정,"혁신적, 독립적, 인도주의","6하우스(건강과 일상)에 물병자리가 있으면, 혁신적, 독립적, 인도주의한 방식으로 이 영역을 경험합니다.",물병자리의 공기 에너지가 건강과 일상 영역에서 발휘됩니다.,고정궁의 특성이 때로 건강과 일상 영역에서 도전이 될 수 있습니다.,건강과 일상 영역에서 물병자리의 장점을 살리면서 균형을 찾으세요.,House HOUSE_6_물병: Governs life matters.
HOUSE_6_물고기,6,건강과 일상,물고기자리,물,변통,"상상력, 공감, 몽상적","6하우스(건강과 일상)에 물고기자리가 있으면, 상상력, 공감, 몽상적한 방식으로 이 영역을 경험합니다.",물고기자리의 물 에너지가 건강과 일상 영역에서 발휘됩니다.,변통궁의 특성이 때로 건강과 일상 영역에서 도전이 될 수 있습니다.,건강과 일상 영역에서 물고기자리의 장점을 살리면서 균형을 찾으세요.,House HOUSE_6_물고기: Governs life matters.
HOUSE_7_양,7,파트너십,양자리,불,활동,"선구적, 용감함, 충동적","7하우스(파트너십)에 양자리가 있으면, 선구적, 용감함, 충동적한 방식으로 이 영역을 경험합니다.",양자리의 불 에너지가 파트너십 영역에서 발휘됩니다.,활동궁의 특성이 때로 파트너십 영역에서 도전이 될 수 있습니다.,파트너십 영역에서 양자리의 장점을 살리면서 균형을 찾으세요.,House HOUSE_7_양: Governs life matters.
HOUSE_7_황소,7,파트너십,황소자리,땅,고정,"안정적, 감각적, 고집","7하우스(파트너십)에 황소자리가 있으면, 안정적, 감각적, 고집한 방식으로 이 영역을 경험합니다.",황소자리의 땅 에너지가 파트너십 영역에서 발휘됩니다.,고정궁의 특성이 때로 파트너십 영역에서 도전이 될 수 있습니다.,파트너십 영역에서 황소자리의 장점을 살리면서 균형을 찾으세요.,House HOUSE_7_황소: Governs life matters.
HOUSE_7_쌍둥이,7,파트너십,쌍둥이자리,공기,변통,"다재다능, 호기심, 변덕","7하우스(파트너십)에 쌍둥이자리가 있으면, 다재다능, 호기심, 변덕한 방식으로 이 영역을 경험합니다.",쌍둥이자리의 공기 에너지가 파트너십 영역에서 발휘됩니다.,변통궁의 특성이 때로 파트너십 영역에서 도전이 될 수 있습니다.,파트너십 영역에서 쌍둥이자리의 장점을 살리면서 균형을 찾으세요.,House HOUSE_7_쌍둥이: Governs life matters.
HOUSE_7_게,7,파트너십,게자리,물,활동,"보호적, 감정적, 직관적","7하우스(파트너십)에 게자리가 있으면, 보호적, 감정적, 직관적한 방식으로 이 영역을 경험합니다.",게자리의 물 에너지가 파트너십 영역에서 발휘됩니다.,활동궁의 특성이 때로 파트너십 영역에서 도전이 될 수 있습니다.,파트너십 영역에서 게자리의 장점을 살리면서 균형을 찾으세요.,House HOUSE_7_게: Governs life matters.
HOUSE_7_사자,7,파트너십,사자자리,불,고정,"창의적, 자신감, 드라마틱","7하우스(파트너십)에 사자자리가 있으면, 창의적, 자신감, 드라마틱한 방식으로 이 영역을 경험합니다.",사자자리의 불 에너지가 파트너십 영역에서 발휘됩니다.,고정궁의 특성이 때로 파트너십 영역에서 도전이 될 수 있습니다.,파트너십 영역에서 사자자리의 장점을 살리면서 균형을 찾으세요.,House HOUSE_7_사자: Governs life matters.
HOUSE_7_처녀,7,파트너십,처녀자리,땅,변통,"분석적, 실용적, 완벽주의","7하우스(파트너십)에 처녀자리가 있으면, 분석적, 실용적, 완벽주의한 방식으로 이 영역을 경험합니다.",처녀자리의 땅 에너지가 파트너십 영역에서 발휘됩니다.,변통궁의 특성이 때로 파트너십 영역에서 도전이 될 수 있습니다.,파트너십 영역에서 처녀자리의 장점을 살리면서 균형을 찾으세요.,House HOUSE_7_처녀: Governs life matters.
HOUSE_7_천칭,7,파트너십,천칭자리,공기,활동,"외교적, 조화, 우유부단","7하우스(파트너십)에 천칭자리가 있으면, 외교적, 조화, 우유부단한 방식으로 이 영역을 경험합니다.",천칭자리의 공기 에너지가 파트너십 영역에서 발휘됩니다.,활동궁의 특성이 때로 파트너십 영역에서 도전이 될 수 있습니다.,파트너십 영역에서 천칭자리의 장점을 살리면서 균형을 찾으세요.,House HOUSE_7_천칭: Governs life matters.
HOUSE_7_전갈,7,파트너십,전갈자리,물,고정,"강렬함, 통찰력, 집착","7하우스(파트너십)에 전갈자리가 있으면, 강렬함, 통찰력, 집착한 방식으로 이 영역을 경험합니다.",전갈자리의 물 에너지가 파트너십 영역에서 발휘됩니다.,고정궁의 특성이 때로 파트너십 영역에서 도전이 될 수 있습니다.,파트너십 영역에서 전갈자리의 장점을 살리면서 균형을 찾으세요.,House HOUSE_7_전갈: Governs life matters.
HOUSE_7_사수,7,파트너십,사수자리,불,변통,"낙천적, 자유로움, 철학적","7하우스(파트너십)에 사수자리가 있으면, 낙천적, 자유로움, 철학적한 방식으로 이 영역을 경험합니다.",사수자리의 불 에너지가 파트너십 영역에서 발휘됩니다.,변통궁의 특성이 때로 파트너십 영역에서 도전이 될 수 있습니다.,파트너십 영역에서 사수자리의 장점을 살리면서 균형을 찾으세요.,House HOUSE_7_사수: Governs life matters.
HOUSE_7_염소,7,파트너십,염소자리,땅,활동,"야심적, 책임감, 보수적","7하우스(파트너십)에 염소자리가 있으면, 야심적, 책임감, 보수적한 방식으로 이 영역을 경험합니다.",염소자리의 땅 에너지가 파트너십 영역에서 발휘됩니다.,활동궁의 특성이 때로 파트너십 영역에서 도전이 될 수 있습니다.,파트너십 영역에서 염소자리의 장점을 살리면서 균형을 찾으세요.,House HOUSE_7_염소: Governs life matters.
HOUSE_7_물병,7,파트너십,물병자리,공기,고정,"혁신적, 독립적, 인도주의","7하우스(파트너십)에 물병자리가 있으면, 혁신적, 독립적, 인도주의한 방식으로 이 영역을 경험합니다.",물병자리의 공기 에너지가 파트너십 영역에서 발휘됩니다.,고정궁의 특성이 때로 파트너십 영역에서 도전이 될 수 있습니다.,파트너십 영역에서 물병자리의 장점을 살리면서 균형을 찾으세요.,House HOUSE_7_물병: Governs life matters.
HOUSE_7_물고기,7,파트너십,물고기자리,물,변통,"상상력, 공감, 몽상적","7하우스(파트너십)에 물고기자리가 있으면, 상상력, 공감, 몽상적한 방식으로 이 영역을 경험합니다.",물고기자리의 물 에너지가 파트너십 영역에서 발휘됩니다.,변통궁의 특성이 때로 파트너십 영역에서 도전이 될 수 있습니다.,파트너십 영역에서 물고기자리의 장점을 살리면서 균형을 찾으세요.,House HOUSE_7_물고기: Governs life matters.
HOUSE_8_양,8,변환과 심리,양자리,불,활동,"선구적, 용감함, 충동적","8하우스(변환과 심리)에 양자리가 있으면, 선구적, 용감함, 충동적한 방식으로 이 영역을 경험합니다.",양자리의 불 에너지가 변환과 심리 영역에서 발휘됩니다.,활동궁의 특성이 때로 변환과 심리 영역에서 도전이 될 수 있습니다.,변환과 심리 영역에서 양자리의 장점을 살리면서 균형을 찾으세요.,House HOUSE_8_양: Governs life matters.
HOUSE_8_황소,8,변환과 심리,황소자리,땅,고정,"안정적, 감각적, 고집","8하우스(변환과 심리)에 황소자리가 있으면, 안정적, 감각적, 고집한 방식으로 이 영역을 경험합니다.",황소자리의 땅 에너지가 변환과 심리 영역에서 발휘됩니다.,고정궁의 특성이 때로 변환과 심리 영역에서 도전이 될 수 있습니다.,변환과 심리 영역에서 황소자리의 장점을 살리면서 균형을 찾으세요.,House HOUSE_8_황소: Governs life matters.
HOUSE_8_쌍둥이,8,변환과 심리,쌍둥이자리,공기,변통,"다재다능, 호기심, 변덕","8하우스(변환과 심리)에 쌍둥이자리가 있으면, 다재다능, 호기심, 변덕한 방식으로 이 영역을 경험합니다.",쌍둥이자리의 공기 에너지가 변환과 심리 영역에서 발휘됩니다.,변통궁의 특성이 때로 변환과 심리 영역에서 도전이 될 수 있습니다.,변환과 심리 영역에서 쌍둥이자리의 장점을 살리면서 균형을 찾으세요.,House HOUSE_8_쌍둥이: Governs life matters.
HOUSE_8_게,8,변환과 심리,게자리,물,활동,"보호적, 감정적, 직관적","8하우스(변환과 심리)에 게자리가 있으면, 보호적, 감정적, 직관적한 방식으로 이 영역을 경험합니다.",게자리의 물 에너지가 변환과 심리 영역에서 발휘됩니다.,활동궁의 특성이 때로 변환과 심리 영역에서 도전이 될 수 있습니다.,변환과 심리 영역에서 게자리의 장점을 살리면서 균형을 찾으세요.,House HOUSE_8_게: Governs life matters.
HOUSE_8_사자,8,변환과 심리,사자자리,불,고정,"창의적, 자신감, 드라마틱","8하우스(변환과 심리)에 사자자리가 있으면, 창의적, 자신감, 드라마틱한 방식으로 이 영역을 경험합니다.",사자자리의 불 에너지가 변환과 심리 영역에서 발휘됩니다.,고정궁의 특성이 때로 변환과 심리 영역에서 도전이 될 수 있습니다.,변환과 심리 영역에서 사자자리의 장점을 살리면서 균형을 찾으세요.,House HOUSE_8_사자: Governs life matters.
HOUSE_8_처녀,8,변환과 심리,처녀자리,땅,변통,"분석적, 실용적, 완벽주의","8하우스(변환과 심리)에 처녀자리가 있으면, 분석적, 실용적, 완벽주의한 방식으로 이 영역을 경험합니다.",처녀자리의 땅 에너지가 변환과 심리 영역에서 발휘됩니다.,변통궁의 특성이 때로 변환과 심리 영역에서 도전이 될 수 있습니다.,변환과 심리 영역에서 처녀자리의 장점을 살리면서 균형을 찾으세요.,House HOUSE_8_처녀: Governs life matters.
HOUSE_8_천칭,8,변환과 심리,천칭자리,공기,활동,"외교적, 조화, 우유부단","8하우스(변환과 심리)에 천칭자리가 있으면, 외교적, 조화, 우유부단한 방식으로 이 영역을 경험합니다.",천칭자리의 공기 에너지가 변환과 심리 영역에서 발휘됩니다.,활동궁의 특성이 때로 변환과 심리 영역에서 도전이 될 수 있습니다.,변환과 심리 영역에서 천칭자리의 장점을 살리면서 균형을 찾으세요.,House HOUSE_8_천칭: Governs life matters.
HOUSE_8_전갈,8,변환과 심리,전갈자리,물,고정,"강렬함, 통찰력, 집착","8하우스(변환과 심리)에 전갈자리가 있으면, 강렬함, 통찰력, 집착한 방식으로 이 영역을 경험합니다.",전갈자리의 물 에너지가 변환과 심리 영역에서 발휘됩니다.,고정궁의 특성이 때로 변환과 심리 영역에서 도전이 될 수 있습니다.,변환과 심리 영역에서 전갈자리의 장점을 살리면서 균형을 찾으세요.,House HOUSE_8_전갈: Governs life matters.
HOUSE_8_사수,8,변환과 심리,사수자리,불,변통,"낙천적, 자유로움, 철학적","8하우스(변환과 심리)에 사수자리가 있으면, 낙천적, 자유로움, 철학적한 방식으로 이 영역을 경험합니다.",사수자리의 불 에너지가 변환과 심리 영역에서 발휘됩니다.,변통궁의 특성이 때로 변환과 심리 영역에서 도전이 될 수 있습니다.,변환과 심리 영역에서 사수자리의 장점을 살리면서 균형을 찾으세요.,House HOUSE_8_사수: Governs life matters.
HOUSE_8_염소,8,변환과 심리,염소자리,땅,활동,"야심적, 책임감, 보수적","8하우스(변환과 심리)에 염소자리가 있으면, 야심적, 책임감, 보수적한 방식으로 이 영역을 경험합니다.",염소자리의 땅 에너지가 변환과 심리 영역에서 발휘됩니다.,활동궁의 특성이 때로 변환과 심리 영역에서 도전이 될 수 있습니다.,변환과 심리 영역에서 염소자리의 장점을 살리면서 균형을 찾으세요.,House HOUSE_8_염소: Governs life matters.
HOUSE_8_물병,8,변환과 심리,물병자리,공기,고정,"혁신적, 독립적, 인도주의","8하우스(변환과 심리)에 물병자리가 있으면, 혁신적, 독립적, 인도주의한 방식으로 이 영역을 경험합니다.",물병자리의 공기 에너지가 변환과 심리 영역에서 발휘됩니다.,고정궁의 특성이 때로 변환과 심리 영역에서 도전이 될 수 있습니다.,변환과 심리 영역에서 물병자리의 장점을 살리면서 균형을 찾으세요.,House HOUSE_8_물병: Governs life matters.
HOUSE_8_물고기,8,변환과 심리,물고기자리,물,변통,"상상력, 공감, 몽상적","8하우스(변환과 심리)에 물고기자리가 있으면, 상상력, 공감, 몽상적한 방식으로 이 영역을 경험합니다.",물고기자리의 물 에너지가 변환과 심리 영역에서 발휘됩니다.,변통궁의 특성이 때로 변환과 심리 영역에서 도전이 될 수 있습니다.,변환과 심리 영역에서 물고기자리의 장점을 살리면서 균형을 찾으세요.,House HOUSE_8_물고기: Governs life matters.
HOUSE_9_양,9,철학과 확장,양자리,불,활동,"선구적, 용감함, 충동적","9하우스(철학과 확장)에 양자리가 있으면, 선구적, 용감함, 충동적한 방식으로 이 영역을 경험합니다.",양자리의 불 에너지가 철학과 확장 영역에서 발휘됩니다.,활동궁의 특성이 때로 철학과 확장 영역에서 도전이 될 수 있습니다.,철학과 확장 영역에서 양자리의 장점을 살리면서 균형을 찾으세요.,House HOUSE_9_양: Governs life matters.
HOUSE_9_황소,9,철학과 확장,황소자리,땅,고정,"안정적, 감각적, 고집","9하우스(철학과 확장)에 황소자리가 있으면, 안정적, 감각적, 고집한 방식으로 이 영역을 경험합니다.",황소자리의 땅 에너지가 철학과 확장 영역에서 발휘됩니다.,고정궁의 특성이 때로 철학과 확장 영역에서 도전이 될 수 있습니다.,철학과 확장 영역에서 황소자리의 장점을 살리면서 균형을 찾으세요.,House HOUSE_9_황소: Governs life matters.
HOUSE_9_쌍둥이,9,철학과 확장,쌍둥이자리,공기,변통,"다재다능, 호기심, 변덕","9하우스(철학과 확장)에 쌍둥이자리가 있으면, 다재다능, 호기심, 변덕한 방식으로 이 영역을 경험합니다.",쌍둥이자리의 공기 에너지가 철학과 확장 영역에서 발휘됩니다.,변통궁의 특성이 때로 철학과 확장 영역에서 도전이 될 수 있습니다.,철학과 확장 영역에서 쌍둥이자리의 장점을 살리면서 균형을 찾으세요.,House HOUSE_9_쌍둥이: Governs life matters.
HOUSE_9_게,9,철학과 확장,게자리,물,활동,"보호적, 감정적, 직관적","9하우스(철학과 확장)에 게자리가 있으면, 보호적, 감정적, 직관적한 방식으로 이 영역을 경험합니다.",게자리의 물 에너지가 철학과 확장 영역에서 발휘됩니다.,활동궁의 특성이 때로 철학과 확장 영역에서 도전이 될 수 있습니다.,철학과 확장 영역에서 게자리의 장점을 살리면서 균형을 찾으세요.,House HOUSE_9_게: Governs life matters.
HOUSE_9_사자,9,철학과 확장,사자자리,불,고정,"창의적, 자신감, 드라마틱","9하우스(철학과 확장)에 사자자리가 있으면, 창의적, 자신감, 드라마틱한 방식으로 이 영역을 경험합니다.",사자자리의 불 에너지가 철학과 확장 영역에서 발휘됩니다.,고정궁의 특성이 때로 철학과 확장 영역에서 도전이 될 수 있습니다.,철학과 확장 영역에서 사자자리의 장점을 살리면서 균형을 찾으세요.,House HOUSE_9_사자: Governs life matters.
HOUSE_9_처녀,9,철학과 확장,처녀자리,땅,변통,"분석적, 실용적, 완벽주의","9하우스(철학과 확장)에 처녀자리가 있으면, 분석적, 실용적, 완벽주의한 방식으로 이 영역을 경험합니다.",처녀자리의 땅 에너지가 철학과 확장 영역에서 발휘됩니다.,변통궁의 특성이 때로 철학과 확장 영역에서 도전이 될 수 있습니다.,철학과 확장 영역에서 처녀자리의 장점을 살리면서 균형을 찾으세요.,House HOUSE_9_처녀: Governs life matters.
HOUSE_9_천칭,9,철학과 확장,천칭자리,공기,활동,"외교적, 조화, 우유부단","9하우스(철학과 확장)에 천칭자리가 있으면, 외교적, 조화, 우유부단한 방식으로 이 영역을 경험합니다.",천칭자리의 공기 에너지가 철학과 확장 영역에서 발휘됩니다.,활동궁의 특성이 때로 철학과 확장 영역에서 도전이 될 수 있습니다.,철학과 확장 영역에서 천칭자리의 장점을 살리면서 균형을 찾으세요.,House HOUSE_9_천칭: Governs life matters.
HOUSE_9_전갈,9,철학과 확장,전갈자리,물,고정,"강렬함, 통찰력, 집착","9하우스(철학과 확장)에 전갈자리가 있으면, 강렬함, 통찰력, 집착한 방식으로 이 영역을 경험합니다.",전갈자리의 물 에너지가 철학과 확장 영역에서 발휘됩니다.,고정궁의 특성이 때로 철학과 확장 영역에서 도전이 될 수 있습니다.,철학과 확장 영역에서 전갈자리의 장점을 살리면서 균형을 찾으세요.,House HOUSE_9_전갈: Governs life matters.
HOUSE_9_사수,9,철학과 확장,사수자리,불,변통,"낙천적, 자유로움, 철학적","9하우스(철학과 확장)에 사수자리가 있으면, 낙천적, 자유로움, 철학적한 방식으로 이 영역을 경험합니다.",사수자리의 불 에너지가 철학과 확장 영역에서 발휘됩니다.,변통궁의 특성이 때로 철학과 확장 영역에서 도전이 될 수 있습니다.,철학과 확장 영역에서 사수자리의 장점을 살리면서 균형을 찾으세요.,House HOUSE_9_사수: Governs life matters.
HOUSE_9_염소,9,철학과 확장,염소자리,땅,활동,"야심적, 책임감, 보수적","9하우스(철학과 확장)에 염소자리가 있으면, 야심적, 책임감, 보수적한 방식으로 이 영역을 경험합니다.",염소자리의 땅 에너지가 철학과 확장 영역에서 발휘됩니다.,활동궁의 특성이 때로 철학과 확장 영역에서 도전이 될 수 있습니다.,철학과 확장 영역에서 염소자리의 장점을 살리면서 균형을 찾으세요.,House HOUSE_9_염소: Governs life matters.
HOUSE_9_물병,9,철학과 확장,물병자리,공기,고정,"혁신적, 독립적, 인도주의","9하우스(철학과 확장)에 물병자리가 있으면, 혁신적, 독립적, 인도주의한 방식으로 이 영역을 경험합니다.",물병자리의 공기 에너지가 철학과 확장 영역에서 발휘됩니다.,고정궁의 특성이 때로 철학과 확장 영역에서 도전이 될 수 있습니다.,철학과 확장 영역에서 물병자리의 장점을 살리면서 균형을 찾으세요.,House HOUSE_9_물병: Governs life matters.
HOUSE_9_물고기,9,철학과 확장,물고기자리,물,변통,"상상력, 공감, 몽상적","9하우스(철학과 확장)에 물고기자리가 있으면, 상상력, 공감, 몽상적한 방식으로 이 영역을 경험합니다.",물고기자리의 물 에너지가 철학과 확장 영역에서 발휘됩니다.,변통궁의 특성이 때로 철학과 확장 영역에서 도전이 될 수 있습니다.,철학과 확장 영역에서 물고기자리의 장점을 살리면서 균형을 찾으세요.,House HOUSE_9_물고기: Governs life matters.
HOUSE_10_양,10,경력과 명성,양자리,불,활동,"선구적, 용감함, 충동적","10하우스(경력과 명성)에 양자리가 있으면, 선구적, 용감함, 충동적한 방식으로 이 영역을 경험합니다.",양자리의 불 에너지가 경력과 명성 영역에서 발휘됩니다.,활동궁의 특성이 때로 경력과 명성 영역에서 도전이 될 수 있습니다.,경력과 명성 영역에서 양자리의 장점을 살리면서 균형을 찾으세요.,House HOUSE_10_양: Governs life matters.
HOUSE_10_황소,10,경력과 명성,황소자리,땅,고정,"안정적, 감각적, 고집","10하우스(경력과 명성)에 황소자리가 있으면, 안정적, 감각적, 고집한 방식으로 이 영역을 경험합니다.",황소자리의 땅 에너지가 경력과 명성 영역에서 발휘됩니다.,고정궁의 특성이 때로 경력과 명성 영역에서 도전이 될 수 있습니다.,경력과 명성 영역에서 황소자리의 장점을 살리면서 균형을 찾으세요.,House HOUSE_10_황소: Governs life matters.
HOUSE_10_쌍둥이,10,경력과 명성,쌍둥이자리,공기,변통,"다재다능, 호기심, 변덕","10하우스(경력과 명성)에 쌍둥이자리가 있으면, 다재다능, 호기심, 변덕한 방식으로 이 영역을 경험합니다.",쌍둥이자리의 공기 에너지가 경력과 명성 영역에서 발휘됩니다.,변통궁의 특성이 때로 경력과 명성 영역에서 도전이 될 수 있습니다.,경력과 명성 영역에서 쌍둥이자리의 장점을 살리면서 균형을 찾으세요.,House HOUSE_10_쌍둥이: Governs life matters.
HOUSE_10_게,10,경력과 명성,게자리,물,활동,"보호적, 감정적, 직관적","10하우스(경력과 명성)에 게자리가 있으면, 보호적, 감정적, 직관적한 방식으로 이 영역을 경험합니다.",게자리의 물 에너지가 경력과 명성 영역에서 발휘됩니다.,활동궁의 특성이 때로 경력과 명성 영역에서 도전이 될 수 있습니다.,경력과 명성 영역에서 게자리의 장점을 살리면서 균형을 찾으세요.,House HOUSE_10_게: Governs life matters.
HOUSE_10_사자,10,경력과 명성,사자자리,불,고정,"창의적, 자신감, 드라마틱","10하우스(경력과 명성)에 사자자리가 있으면, 창의적, 자신감, 드라마틱한 방식으로 이 영역을 경험합니다.",사자자리의 불 에너지가 경력과 명성 영역에서 발휘됩니다.,고정궁의 특성이 때로 경력과 명성 영역에서 도전이 될 수 있습니다.,경력과 명성 영역에서 사자자리의 장점을 살리면서 균형을 찾으세요.,House HOUSE_10_사자: Governs life matters.
HOUSE_10_처녀,10,경력과 명성,처녀자리,땅,변통,"분석적, 실용적, 완벽주의","10하우스(경력과 명성)에 처녀자리가 있으면, 분석적, 실용적, 완벽주의한 방식으로 이 영역을 경험합니다.",처녀자리의 땅 에너지가 경력과 명성 영역에서 발휘됩니다.,변통궁의 특성이 때로 경력과 명성 영역에서 도전이 될 수 있습니다.,경력과 명성 영역에서 처녀자리의 장점을 살리면서 균형을 찾으세요.,House HOUSE_10_처녀: Governs life matters.
HOUSE_10_천칭,10,경력과 명성,천칭자리,공기,활동,"외교적, 조화, 우유부단","10하우스(경력과 명성)에 천칭자리가 있으면, 외교적, 조화, 우유부단한 방식으로 이 영역을 경험합니다.",천칭자리의 공기 에너지가 경력과 명성 영역에서 발휘됩니다.,활동궁의 특성이 때로 경력과 명성 영역에서 도전이 될 수 있습니다.,경력과 명성 영역에서 천칭자리의 장점을 살리면서 균형을 찾으세요.,House HOUSE_10_천칭: Governs life matters.
HOUSE_10_전갈,10,경력과 명성,전갈자리,물,고정,"강렬함, 통찰력, 집착","10하우스(경력과 명성)에 전갈자리가 있으면, 강렬함, 통찰력, 집착한 방식으로 이 영역을 경험합니다.",전갈자리의 물 에너지가 경력과 명성 영역에서 발휘됩니다.,고정궁의 특성이 때로 경력과 명성 영역에서 도전이 될 수 있습니다.,경력과 명성 영역에서 전갈자리의 장점을 살리면서 균형을 찾으세요.,House HOUSE_10_전갈: Governs life matters.
HOUSE_10_사수,10,경력과 명성,사수자리,불,변통,"낙천적, 자유로움, 철학적","10하우스(경력과 명성)에 사수자리가 있으면, 낙천적, 자유로움, 철학적한 방식으로 이 영역을 경험합니다.",사수자리의 불 에너지가 경력과 명성 영역에서 발휘됩니다.,변통궁의 특성이 때로 경력과 명성 영역에서 도전이 될 수 있습니다.,경력과 명성 영역에서 사수자리의 장점을 살리면서 균형을 찾으세요.,House HOUSE_10_사수: Governs life matters.
HOUSE_10_염소,10,경력과 명성,염소자리,땅,활동,"야심적, 책임감, 보수적","10하우스(경력과 명성)에 염소자리가 있으면, 야심적, 책임감, 보수적한 방식으로 이 영역을 경험합니다.",염소자리의 땅 에너지가 경력과 명성 영역에서 발휘됩니다.,활동궁의 특성이 때로 경력과 명성 영역에서 도전이 될 수 있습니다.,경력과 명성 영역에서 염소자리의 장점을 살리면서 균형을 찾으세요.,House HOUSE_10_염소: Governs life matters.
HOUSE_10_물병,10,경력과 명성,물병자리,공기,고정,"혁신적, 독립적, 인도주의","10하우스(경력과 명성)에 물병자리가 있으면, 혁신적, 독립적, 인도주의한 방식으로 이 영역을 경험합니다.",물병자리의 공기 에너지가 경력과 명성 영역에서 발휘됩니다.,고정궁의 특성이 때로 경력과 명성 영역에서 도전이 될 수 있습니다.,경력과 명성 영역에서 물병자리의 장점을 살리면서 균형을 찾으세요.,House HOUSE_10_물병: Governs life matters.
HOUSE_10_물고기,10,경력과 명성,물고기자리,물,변통,"상상력, 공감, 몽상적","10하우스(경력과 명성)에 물고기자리가 있으면, 상상력, 공감, 몽상적한 방식으로 이 영역을 경험합니다.",물고기자리의 물 에너지가 경력과 명성 영역에서 발휘됩니다.,변통궁의 특성이 때로 경력과 명성 영역에서 도전이 될 수 있습니다.,경력과 명성 영역에서 물고기자리의 장점을 살리면서 균형을 찾으세요.,House HOUSE_10_물고기: Governs life matters.
HOUSE_11_양,11,친구와 희망,양자리,불,활동,"선구적, 용감함, 충동적","11하우스(친구와 희망)에 양자리가 있으면, 선구적, 용감함, 충동적한 방식으로 이 영역을 경험합니다.",양자리의 불 에너지가 친구와 희망 영역에서 발휘됩니다.,활동궁의 특성이 때로 친구와 희망 영역에서 도전이 될 수 있습니다.,친구와 희망 영역에서 양자리의 장점을 살리면서 균형을 찾으세요.,House HOUSE_11_양: Governs life matters.
HOUSE_11_황소,11,친구와 희망,황소자리,땅,고정,"안정적, 감각적, 고집","11하우스(친구와 희망)에 황소자리가 있으면, 안정적, 감각적, 고집한 방식으로 이 영역을 경험합니다.",황소자리의 땅 에너지가 친구와 희망 영역에서 발휘됩니다.,고정궁의 특성이 때로 친구와 희망 영역에서 도전이 될 수 있습니다.,친구와 희망 영역에서 황소자리의 장점을 살리면서 균형을 찾으세요.,House HOUSE_11_황소: Governs life matters.
HOUSE_11_쌍둥이,11,친구와 희망,쌍둥이자리,공기,변통,"다재다능, 호기심, 변덕","11하우스(친구와 희망)에 쌍둥이자리가 있으면, 다재다능, 호기심, 변덕한 방식으로 이 영역을 경험합니다.",쌍둥이자리의 공기 에너지가 친구와 희망 영역에서 발휘됩니다.,변통궁의 특성이 때로 친구와 희망 영역에서 도전이 될 수 있습니다.,친구와 희망 영역에서 쌍둥이자리의 장점을 살리면서 균형을 찾으세요.,House HOUSE_11_쌍둥이: Governs life matters.
HOUSE_11_게,11,친구와 희망,게자리,물,활동,"보호적, 감정적, 직관적","11하우스(친구와 희망)에 게자리가 있으면, 보호적, 감정적, 직관적한 방식으로 이 영역을 경험합니다.",게자리의 물 에너지가 친구와 희망 영역에서 발휘됩니다.,활동궁의 특성이 때로 친구와 희망 영역에서 도전이 될 수 있습니다.,친구와 희망 영역에서 게자리의 장점을 살리면서 균형을 찾으세요.,House HOUSE_11_게: Governs life matters.
HOUSE_11_사자,11,친구와 희망,사자자리,불,고정,"창의적, 자신감, 드라마틱","11하우스(친구와 희망)에 사자자리가 있으면, 창의적, 자신감, 드라마틱한 방식으로 이 영역을 경험합니다.",사자자리의 불 에너지가 친구와 희망 영역에서 발휘됩니다.,고정궁의 특성이 때로 친구와 희망 영역에서 도전이 될 수 있습니다.,친구와 희망 영역에서 사자자리의 장점을 살리면서 균형을 찾으세요.,House HOUSE_11_사자: Governs life matters.
HOUSE_11_처녀,11,친구와 희망,처녀자리,땅,변통,"분석적, 실용적, 완벽주의","11하우스(친구와 희망)에 처녀자리가 있으면, 분석적, 실용적, 완벽주의한 방식으로 이 영역을 경험합니다.",처녀자리의 땅 에너지가 친구와 희망 영역에서 발휘됩니다.,변통궁의 특성이 때로 친구와 희망 영역에서 도전이 될 수 있습니다.,친구와 희망 영역에서 처녀자리의 장점을 살리면서 균형을 찾으세요.,House HOUSE_11_처녀: Governs life matters.
HOUSE_11_천칭,11,친구와 희망,천칭자리,공기,활동,"외교적, 조화, 우유부단","11하우스(친구와 희망)에 천칭자리가 있으면, 외교적, 조화, 우유부단한 방식으로 이 영역을 경험합니다.",천칭자리의 공기 에너지가 친구와 희망 영역에서 발휘됩니다.,활동궁의 특성이 때로 친구와 희망 영역에서 도전이 될 수 있습니다.,친구와 희망 영역에서 천칭자리의 장점을 살리면서 균형을 찾으세요.,House HOUSE_11_천칭: Governs life matters.
HOUSE_11_전갈,11,친구와 희망,전갈자리,물,고정,"강렬함, 통찰력, 집착","11하우스(친구와 희망)에 전갈자리가 있으면, 강렬함, 통찰력, 집착한 방식으로 이 영역을 경험합니다.",전갈자리의 물 에너지가 친구와 희망 영역에서 발휘됩니다.,고정궁의 특성이 때로 친구와 희망 영역에서 도전이 될 수 있습니다.,친구와 희망 영역에서 전갈자리의 장점을 살리면서 균형을 찾으세요.,House HOUSE_11_전갈: Governs life matters.
HOUSE_11_사수,11,친구와 희망,사수자리,불,변통,"낙천적, 자유로움, 철학적","11하우스(친구와 희망)에 사수자리가 있으면, 낙천적, 자유로움, 철학적한 방식으로 이 영역을 경험합니다.",사수자리의 불 에너지가 친구와 희망 영역에서 발휘됩니다.,변통궁의 특성이 때로 친구와 희망 영역에서 도전이 될 수 있습니다.,친구와 희망 영역에서 사수자리의 장점을 살리면서 균형을 찾으세요.,House HOUSE_11_사수: Governs life matters.
HOUSE_11_염소,11,친구와 희망,염소자리,땅,활동,"야심적, 책임감, 보수적","11하우스(친구와 희망)에 염소자리가 있으면, 야심적, 책임감, 보수적한 방식으로 이 영역을 경험합니다.",염소자리의 땅 에너지가 친구와 희망 영역에서 발휘됩니다.,활동궁의 특성이 때로 친구와 희망 영역에서 도전이 될 수 있습니다.,친구와 희망 영역에서 염소자리의 장점을 살리면서 균형을 찾으세요.,House HOUSE_11_염소: Governs life matters.
HOUSE_11_물병,11,친구와 희망,물병자리,공기,고정,"혁신적, 독립적, 인도주의","11하우스(친구와 희망)에 물병자리가 있으면, 혁신적, 독립적, 인도주의한 방식으로 이 영역을 경험합니다.",물병자리의 공기 에너지가 친구와 희망 영역에서 발휘됩니다.,고정궁의 특성이 때로 친구와 희망 영역에서 도전이 될 수 있습니다.,친구와 희망 영역에서 물병자리의 장점을 살리면서 균형을 찾으세요.,House HOUSE_11_물병: Governs life matters.
HOUSE_11_물고기,11,친구와 희망,물고기자리,물,변통,"상상력, 공감, 몽상적","11하우스(친구와 희망)에 물고기자리가 있으면, 상상력, 공감, 몽상적한 방식으로 이 영역을 경험합니다.",물고기자리의 물 에너지가 친구와 희망 영역에서 발휘됩니다.,변통궁의 특성이 때로 친구와 희망 영역에서 도전이 될 수 있습니다.,친구와 희망 영역에서 물고기자리의 장점을 살리면서 균형을 찾으세요.,House HOUSE_11_물고기: Governs life matters.
HOUSE_12_양,12,영성과 무의식,양자리,불,활동,"선구적, 용감함, 충동적","12하우스(영성과 무의식)에 양자리가 있으면, 선구적, 용감함, 충동적한 방식으로 이 영역을 경험합니다.",양자리의 불 에너지가 영성과 무의식 영역에서 발휘됩니다.,활동궁의 특성이 때로 영성과 무의식 영역에서 도전이 될 수 있습니다.,영성과 무의식 영역에서 양자리의 장점을 살리면서 균형을 찾으세요.,House HOUSE_12_양: Governs life matters.
HOUSE_12_황소,12,영성과 무의식,황소자리,땅,고정,"안정적, 감각적, 고집","12하우스(영성과 무의식)에 황소자리가 있으면, 안정적, 감각적, 고집한 방식으로 이 영역을 경험합니다.",황소자리의 땅 에너지가 영성과 무의식 영역에서 발휘됩니다.,고정궁의 특성이 때로 영성과 무의식 영역에서 도전이 될 수 있습니다.,영성과 무의식 영역에서 황소자리의 장점을 살리면서 균형을 찾으세요.,House HOUSE_12_황소: Governs life matters.
HOUSE_12_쌍둥이,12,영성과 무의식,쌍둥이자리,공기,변통,"다재다능, 호기심, 변덕","12하우스(영성과 무의식)에 쌍둥이자리가 있으면, 다재다능, 호기심, 변덕한 방식으로 이 영역을 경험합니다.",쌍둥이자리의 공기 에너지가 영성과 무의식 영역에서 발휘됩니다.,변통궁의 특성이 때로 영성과 무의식 영역에서 도전이 될 수 있습니다.,영성과 무의식 영역에서 쌍둥이자리의 장점을 살리면서 균형을 찾으세요.,House HOUSE_12_쌍둥이: Governs life matters.
HOUSE_12_게,12,영성과 무의식,게자리,물,활동,"보호적, 감정적, 직관적","12하우스(영성과 무의식)에 게자리가 있으면, 보호적, 감정적, 직관적한 방식으로 이 영역을 경험합니다.",게자리의 물 에너지가 영성과 무의식 영역에서 발휘됩니다.,활동궁의 특성이 때로 영성과 무의식 영역에서 도전이 될 수 있습니다.,영성과 무의식 영역에서 게자리의 장점을 살리면서 균형을 찾으세요.,House HOUSE_12_게: Governs life matters.
HOUSE_12_사자,12,영성과 무의식,사자자리,불,고정,"창의적, 자신감, 드라마틱","12하우스(영성과 무의식)에 사자자리가 있으면, 창의적, 자신감, 드라마틱한 방식으로 이 영역을 경험합니다.",사자자리의 불 에너지가 영성과 무의식 영역에서 발휘됩니다.,고정궁의 특성이 때로 영성과 무의식 영역에서 도전이 될 수 있습니다.,영성과 무의식 영역에서 사자자리의 장점을 살리면서 균형을 찾으세요.,House HOUSE_12_사자: Governs life matters.
HOUSE_12_처녀,12,영성과 무의식,처녀자리,땅,변통,"분석적, 실용적, 완벽주의","12하우스(영성과 무의식)에 처녀자리가 있으면, 분석적, 실용적, 완벽주의한 방식으로 이 영역을 경험합니다.",처녀자리의 땅 에너지가 영성과 무의식 영역에서 발휘됩니다.,변통궁의 특성이 때로 영성과 무의식 영역에서 도전이 될 수 있습니다.,영성과 무의식 영역에서 처녀자리의 장점을 살리면서 균형을 찾으세요.,House HOUSE_12_처녀: Governs life matters.
HOUSE_12_천칭,12,영성과 무의식,천칭자리,공기,활동,"외교적, 조화, 우유부단","12하우스(영성과 무의식)에 천칭자리가 있으면, 외교적, 조화, 우유부단한 방식으로 이 영역을 경험합니다.",천칭자리의 공기 에너지가 영성과 무의식 영역에서 발휘됩니다.,활동궁의 특성이 때로 영성과 무의식 영역에서 도전이 될 수 있습니다.,영성과 무의식 영역에서 천칭자리의 장점을 살리면서 균형을 찾으세요.,House HOUSE_12_천칭: Governs life matters.
HOUSE_12_전갈,12,영성과 무의식,전갈자리,물,고정,"강렬함, 통찰력, 집착","12하우스(영성과 무의식)에 전갈자리가 있으면, 강렬함, 통찰력, 집착한 방식으로 이 영역을 경험합니다.",전갈자리의 물 에너지가 영성과 무의식 영역에서 발휘됩니다.,고정궁의 특성이 때로 영성과 무의식 영역에서 도전이 될 수 있습니다.,영성과 무의식 영역에서 전갈자리의 장점을 살리면서 균형을 찾으세요.,House HOUSE_12_전갈: Governs life matters.
HOUSE_12_사수,12,영성과 무의식,사수자리,불,변통,"낙천적, 자유로움, 철학적","12하우스(영성과 무의식)에 사수자리가 있으면, 낙천적, 자유로움, 철학적한 방식으로 이 영역을 경험합니다.",사수자리의 불 에너지가 영성과 무의식 영역에서 발휘됩니다.,변통궁의 특성이 때로 영성과 무의식 영역에서 도전이 될 수 있습니다.,영성과 무의식 영역에서 사수자리의 장점을 살리면서 균형을 찾으세요.,House HOUSE_12_사수: Governs life matters.
HOUSE_12_염소,12,영성과 무의식,염소자리,땅,활동,"야심적, 책임감, 보수적","12하우스(영성과 무의식)에 염소자리가 있으면, 야심적, 책임감, 보수적한 방식으로 이 영역을 경험합니다.",염소자리의 땅 에너지가 영성과 무의식 영역에서 발휘됩니다.,활동궁의 특성이 때로 영성과 무의식 영역에서 도전이 될 수 있습니다.,영성과 무의식 영역에서 염소자리의 장점을 살리면서 균형을 찾으세요.,House HOUSE_12_염소: Governs life matters.
HOUSE_12_물병,12,영성과 무의식,물병자리,공기,고정,"혁신적, 독립적, 인도주의","12하우스(영성과 무의식)에 물병자리가 있으면, 혁신적, 독립적, 인도주의한 방식으로 이 영역을 경험합니다.",물병자리의 공기 에너지가 영성과 무의식 영역에서 발휘됩니다.,고정궁의 특성이 때로 영성과 무의식 영역에서 도전이 될 수 있습니다.,영성과 무의식 영역에서 물병자리의 장점을 살리면서 균형을 찾으세요.,House HOUSE_12_물병: Governs life matters.
HOUSE_12_물고기,12,영성과 무의식,물고기자리,물,변통,"상상력, 공감, 몽상적","12하우스(영성과 무의식)에 물고기자리가 있으면, 상상력, 공감, 몽상적한 방식으로 이 영역을 경험합니다.",물고기자리의 물 에너지가 영성과 무의식 영역에서 발휘됩니다.,변통궁의 특성이 때로 영성과 무의식 영역에서 도전이 될 수 있습니다.,영성과 무의식 영역에서 물고기자리의 장점을 살리면서 균형을 찾으세요.,House HOUSE_12_물고기: Governs life matters.
